real,imag
0.999999937556247,0.000000000000000
0.000000160510173,0.000000000041243
-0.000000000000000,0.000000000000000
-0.000000000000000,-0.000000000000000
