Delta_1,m1,beta,e,is_dqpt
-0.9,1.1,0.33638653,-0.09528546,1
-0.2,0.5,0.71583922,-0.15625245,0
0.6,0.5,0.28599779,-0.08361963,1
